{"AP":0.06196309309975902,"_timestamp":1.7703479202332962e+09,"_wandb":{"runtime":29},"_runtime":29.7962695,"_step":0,"AUC":0.4302675557890608}