{"AP":0.0703896971233722,"_timestamp":1.770351319658371e+09,"loss":0.09921609610319138,"_runtime":88.598507,"_wandb":{"runtime":88},"_step":11424,"AUC":0.464616844146057}