{"_timestamp":1.7703668780307393e+09,"_step":10880,"AUC":0.5449909148754523,"loss":0.054006267338991165,"_wandb":{"runtime":8838},"_runtime":8838.7547193,"AP":0.08511651702244734}