{"AP":0.08626889223919665,"_timestamp":1.7703480028431602e+09,"_wandb":{"runtime":24},"_runtime":24.6626237,"_step":0,"AUC":0.5236935737364143}