{"AP":0.0683219850433973,"_wandb":{"runtime":97},"_runtime":97.1369607,"_timestamp":1.771401422782773e+09,"_step":0,"AUC":0.46298402222819607}