{"AP":0.0923420836532827,"_timestamp":1.771399299584657e+09,"_step":2176,"loss":0.21133098006248474,"_wandb":{"runtime":1551},"_runtime":1551.4281185,"AUC":0.5476089473482793}