{"_step":0,"AUC":0.5081997313176015,"AP":0.0761157925836974,"_timestamp":1.7712829688500288e+09,"_wandb":{"runtime":16},"_runtime":16.8783117}