{"_wandb":{"runtime":109},"_runtime":109.4913553,"_step":0,"AUC":0.46298402222819607,"AP":0.0683219850433973,"_timestamp":1.7712831297885327e+09}