{"AUC":0.5267001173491844,"AP":0.07896938931217315,"_wandb":{"runtime":31},"_runtime":31.2074005,"_timestamp":1.770347680274974e+09,"_step":0}