{"_step":0,"AUC":0.5045367636371407,"AP":0.07932650319127775,"_timestamp":1.7703478370118194e+09,"_wandb":{"runtime":28},"_runtime":28.4301307}