{"_runtime":493.9605661,"_timestamp":1.7712835291466541e+09,"_step":0,"AUC":0.46298402222819607,"AP":0.0683219850433973,"_wandb":{"runtime":493}}