{"AUC":0.700022323004815,"AP":0.1365896209882946,"loss":0.07433422654867172,"_wandb":{"runtime":9616},"_runtime":9616.9756725,"_timestamp":1.7714111379050565e+09,"_step":11424}