{"loss":0.08323902636766434,"_wandb":{"runtime":10258},"_runtime":10258.7890074,"_step":11424,"AUC":0.6546106402325598,"AP":0.14330865724074407,"_timestamp":1.7716806115583189e+09}