{"_wandb":{"runtime":10245},"_runtime":10245.9666552,"AUC":0.5818725377483752,"AP":0.09919177421380594,"_timestamp":1.7712949933794665e+09,"_step":11424,"loss":0.13943688571453094}