{"_wandb":{"runtime":5576},"_runtime":5576.6546826,"AUC":0.41476514453198027,"AP":0.0611737694535135,"_timestamp":1.770357835521152e+09,"_step":6528,"loss":0.12320936471223831}