{"_timestamp":1.7703507054693806e+09,"loss":0.10809554159641266,"_wandb":{"runtime":85},"_runtime":85.0856724,"_step":11424,"AUC":0.45496376995492294,"AP":0.07120716715237127}