{"_timestamp":1.7703474694650466e+09,"_step":0,"_wandb":{"runtime":32},"_runtime":32.9154497,"AUC":0.5327358560835871,"AP":0.08611343845747649}